Workbook

Sheet Raw Data
A1: Return ID | B1: Customer Name | C1: Product | D1: Return Reason | E1: Refund Amount | F1: Return Status | G1: Return Date
A2: R001 | B2: Rohan Deshmukh | C2: Wireless Earbuds | D2: Defective product | E2: 800 | F2: Approved | G2: 01-Aug-2026
A3: R002 | B3: Sneha Kulkarni | C3: Bluetooth Speaker | D3: wrong item delivered | E3: 1200 | F3: approved | G3: 01-Aug-2026
A4: R003 | B4: Amit Joshi | C4: Running Shoes | D4: Size mismatch | E4: 1500 | F4: Rejected | G4: 01-Aug-2026
A5: R004 | B5: Priya Nair | C5: Kitchen Mixer | D5: Defective Product | F5: Approved | G5: 01-Aug-2026
A6: R005 | B6: Karan Mehta | C6: Cotton Saree | D6: size mismatch | E6: 950 | F6: REJECTED | G6: 02-Aug-2026
A7: R006 | B7: Neha Singh | C7: Laptop Bag | D7: Wrong Item Delivered | E7: 600 | F7: Pending | G7: 02-Aug-2026
A8: R007 | B8: Vikas Patil | C8: Smart Watch | D8: Defective product | E8: 2200 | F8: Approved | G8: 02-Aug-2026
A9: R007 | B9: Vikas Patil | C9: Smart Watch | D9: Defective product | E9: 2200 | F9: Approved | G9: 02-Aug-2026
A10: R008 | B10: Ritu Sharma | C10: Wireless Mouse | D10: changed mind | E10: 350 | F10: rejected | G10: 02-Aug-2026
A11: R009 | B11: Suresh Rao | C11: Office Chair | D11: Damaged in transit | F11: Approved | G11: 02-Aug-2026
A12: R010 | B12: Anita Desai | C12: Yoga Mat | D12: size mismatch | E12: 400 | F12: Approved | G12: 03-Aug-2026
A13: R011 | B13: Manoj Kumar | C13: Air Fryer | D13: Defective Product | E13: 3200 | F13: Pending | G13: 03-Aug-2026
A14: R012 | B14: Divya Iyer | C14: Backpack | D14: wrong item delivered | E14: 850 | F14: Approved | G14: 03-Aug-2026
A15: R013 | B15: Rajesh Nair | C15: Table Lamp | D15: Defective product | E15: 500 | F15: rejected | G15: 03-Aug-2026
A16: R014 | B16: Pooja Verma | C16: Formal Shirt | D16: Size Mismatch | E16: 700 | F16: Approved | G16: 03-Aug-2026
A17: R015 | B17: Arjun Rathi | C17: Headphones | E17: 1100 | F17: Approved | G17: 03-Aug-2026
A18: R016 | B18: Kavita Joshi | C18: Water Bottle | D18: changed mind | E18: 250 | F18: Rejected | G18: 04-Aug-2026
A19: R017 | B19: Deepak Shah | C19: Gaming Mouse | D19: Defective product | E19: 900 | F19: approved | G19: 04-Aug-2026
A20: R018 | B20: Swati Kulkarni | C20: Denim Jacket | D20: wrong item delivered | E20: 1300 | F20: Approved | G20: 04-Aug-2026
A21: R019 | B21: Nitin Bhosale | C21: Electric Kettle | D21: Damaged in transit | E21: 600 | F21: Pending | G21: 04-Aug-2026

Sheet Cleaned Data
A1: Return ID | B1: Customer Name | C1: Product | D1: Return Reason | E1: Refund Amount | F1: Return Status | G1: Return Date
A2: R001 | B2: Rohan Deshmukh | C2: Wireless Earbuds | D2: Defective Product | E2: 800 | F2: Approved | G2: 01-Aug-2026
A3: R002 | B3: Sneha Kulkarni | C3: Bluetooth Speaker | D3: Wrong Item Delivered | E3: 1200 | F3: Approved | G3: 01-Aug-2026
A4: R003 | B4: Amit Joshi | C4: Running Shoes | D4: Size Mismatch | E4: 1500 | F4: Rejected | G4: 01-Aug-2026
A5: R004 | B5: Priya Nair | C5: Kitchen Mixer | D5: Defective Product | E5: 1165 | F5: Approved | G5: 01-Aug-2026
A6: R005 | B6: Karan Mehta | C6: Cotton Saree | D6: Size Mismatch | E6: 950 | F6: Rejected | G6: 02-Aug-2026
A7: R006 | B7: Neha Singh | C7: Laptop Bag | D7: Wrong Item Delivered | E7: 600 | F7: Pending | G7: 02-Aug-2026
A8: R007 | B8: Vikas Patil | C8: Smart Watch | D8: Defective Product | E8: 2200 | F8: Approved | G8: 02-Aug-2026
A9: R008 | B9: Ritu Sharma | C9: Wireless Mouse | D9: Changed Mind | E9: 350 | F9: Rejected | G9: 02-Aug-2026
A10: R009 | B10: Suresh Rao | C10: Office Chair | D10: Damaged In Transit | E10: 1165 | F10: Approved | G10: 02-Aug-2026
A11: R010 | B11: Anita Desai | C11: Yoga Mat | D11: Size Mismatch | E11: 400 | F11: Approved | G11: 03-Aug-2026
A12: R011 | B12: Manoj Kumar | C12: Air Fryer | D12: Defective Product | E12: 3200 | F12: Pending | G12: 03-Aug-2026
A13: R012 | B13: Divya Iyer | C13: Backpack | D13: Wrong Item Delivered | E13: 850 | F13: Approved | G13: 03-Aug-2026
... A20: R019 | B20: Nitin Bhosale | C20: Electric Kettle | D20: Damaged In Transit | E20: 600 | F20: Pending | G20: 04-Aug-2026

Sheet Analysis
A1: E-commerce Order Returns — Analysis
A3: Metric | B3: Value | D3: Return Status | E3: Count | G3: Return Reason | H3: Count | J3: Return Date | K3: Return Count | L3: Refund Total (₹)
A4: Total Returns | B4: =COUNTA('Cleaned Data'!A2:A20) -> 19 | D4: Approved | E4: =COUNTIF('Cleaned Data'!F2:F20,"Approved") -> 11 | G4: Defective Product | H4: =COUNTIF('Cleaned Data'!D2:D20,"Defective Product") -> 6 | J4: 01-Aug-2026 | K4: =COUNTIF('Cleaned Data'!G2:G20,"01-Aug-2026") -> 4 | L4: =SUMIF('Cleaned Data'!G2:G20,"01-Aug-2026",'Cleaned Data'!E2:E20) -> 4665
A5: Approved Returns | B5: =COUNTIF('Cleaned Data'!F2:F20,"Approved") -> 11 | D5: Rejected | E5: =COUNTIF('Cleaned Data'!F2:F20,"Rejected") -> 5 | G5: Wrong Item Delivered | H5: =COUNTIF('Cleaned Data'!D2:D20,"Wrong Item Delivered") -> 4 | J5: 02-Aug-2026 | K5: =COUNTIF('Cleaned Data'!G2:G20,"02-Aug-2026") -> 5 | L5: =SUMIF('Cleaned Data'!G2:G20,"02-Aug-2026",'Cleaned Data'!E2:E20) -> 5265
A6: Rejected Returns | B6: =COUNTIF('Cleaned Data'!F2:F20,"Rejected") -> 5 | D6: Pending | E6: =COUNTIF('Cleaned Data'!F2:F20,"Pending") -> 3 | G6: Size Mismatch | H6: =COUNTIF('Cleaned Data'!D2:D20,"Size Mismatch") -> 4 | J6: 03-Aug-2026 | K6: =COUNTIF('Cleaned Data'!G2:G20,"03-Aug-2026") -> 6 | L6: =SUMIF('Cleaned Data'!G2:G20,"03-Aug-2026",'Cleaned Data'!E2:E20) -> 6750
A7: Pending Returns | B7: =COUNTIF('Cleaned Data'!F2:F20,"Pending") -> 3 | G7: Changed Mind | H7: =COUNTIF('Cleaned Data'!D2:D20,"Changed Mind") -> 2 | J7: 04-Aug-2026 | K7: =COUNTIF('Cleaned Data'!G2:G20,"04-Aug-2026") -> 4 | L7: =SUMIF('Cleaned Data'!G2:G20,"04-Aug-2026",'Cleaned Data'!E2:E20) -> 3050
A8: Approval Rate (%) | B8: =ROUND(B5/B4*100,1) -> 57.9 | G8: Damaged In Transit | H8: =COUNTIF('Cleaned Data'!D2:D20,"Damaged In Transit") -> 2
A9: Total Refund Amount - Approved (₹) | B9: =SUMIF('Cleaned Data'!F2:F20,"Approved",'Cleaned Data'!E2:E20) -> 11780 | G9: Not Specified | H9: =COUNTIF('Cleaned Data'!D2:D20,"Not Specified") -> 1
A10: Average Refund - Approved (₹) | B10: =ROUND(B9/B5,2) -> 1070.91
A11: Average Refund - All Returns (₹) | B11: =ROUND(AVERAGE('Cleaned Data'!E2:E20),2) -> 1038.42
A12: Most Common Return Reason | B12: =INDEX(G4:G9,MATCH(MAX(H4:H9),H4:H9,0)) -> Defective Product

Sheet Charts
A1: Online Returns — Charts
