Workbook

Sheet Raw Data
A1: Order ID | B1: Customer Name | C1: Item Ordered | D1: Order Amount | E1: Payment Method | F1: Delivery Status | G1: Order Date | H1: Trimmed Name | I1: Standardized Payment | J1: Amount (Blank Filled) | K1: Duplicate Order ID?
A2: O001 | B2: Rahul Sharma | C2: Paneer Butter Masala | D2: 350 | E2: COD | F2: Delivered | G2: 01-Aug-2026 | H2: =TRIM(B2) -> Rahul Sharma | I2: =IF(OR(UPPER(TRIM(E2))="COD",UPPER(TRIM(E2))="CASH ON DELIVERY"),"Cash on Delivery",IF(UPPER(TRIM(E2))="CARD","Card",IF(UPPER(TRIM(E2))="UPI","UPI","Missing"))) -> Cash on Delivery | J2: =IF(D2="",ROUND(AVERAGE($D$2:$D$22),0),D2) -> 350 | K2: =IF(COUNTIF($A$2:$A$22,A2)>1,"Duplicate","Unique") -> Unique
A3: O002 | B3: Priya Patil | C3: Veg Biryani | D3: 280 | E3: upi | F3: Delivered | G3: 01-Aug-2026 | H3: =TRIM(B3) -> Priya Patil | I3: =IF(OR(UPPER(TRIM(E3))="COD",UPPER(TRIM(E3))="CASH ON DELIVERY"),"Cash on Delivery",IF(UPPER(TRIM(E3))="CARD","Card",IF(UPPER(TRIM(E3))="UPI","UPI","Missing"))) -> UPI | J3: =IF(D3="",ROUND(AVERAGE($D$2:$D$22),0),D3) -> 280 | K3: =IF(COUNTIF($A$2:$A$22,A3)>1,"Duplicate","Unique") -> Unique
A4: O003 | B4: Amit Verma | C4: Chicken Burger | D4: 190 | E4: Card | F4: Cancelled | G4: 01-Aug-2026 | H4: =TRIM(B4) -> Amit Verma | I4: =IF(OR(UPPER(TRIM(E4))="COD",UPPER(TRIM(E4))="CASH ON DELIVERY"),"Cash on Delivery",IF(UPPER(TRIM(E4))="CARD","Card",IF(UPPER(TRIM(E4))="UPI","UPI","Missing"))) -> Card | J4: =IF(D4="",ROUND(AVERAGE($D$2:$D$22),0),D4) -> 190 | K4: =IF(COUNTIF($A$2:$A$22,A4)>1,"Duplicate","Unique") -> Unique
A5: O004 | B5: Neha Joshi | C5: Margherita Pizza | D5: 420 | E5: Cash on Delivery | F5: Delivered | G5: 01-Aug-2026 | H5: =TRIM(B5) -> Neha Joshi | I5: =IF(OR(UPPER(TRIM(E5))="COD",UPPER(TRIM(E5))="CASH ON DELIVERY"),"Cash on Delivery",IF(UPPER(TRIM(E5))="CARD","Card",IF(UPPER(TRIM(E5))="UPI","UPI","Missing"))) -> Cash on Delivery | J5: =IF(D5="",ROUND(AVERAGE($D$2:$D$22),0),D5) -> 420 | K5: =IF(COUNTIF($A$2:$A$22,A5)>1,"Duplicate","Unique") -> Unique
A6: O005 | B6: Karan Singh | C6: Masala Dosa | D6: 150 | F6: Delivered | G6: 01-Aug-2026 | H6: =TRIM(B6) -> Karan Singh | I6: =IF(OR(UPPER(TRIM(E6))="COD",UPPER(TRIM(E6))="CASH ON DELIVERY"),"Cash on Delivery",IF(UPPER(TRIM(E6))="CARD","Card",IF(UPPER(TRIM(E6))="UPI","UPI","Missing"))) -> Missing | J6: =IF(D6="",ROUND(AVERAGE($D$2:$D$22),0),D6) -> 150 | K6: =IF(COUNTIF($A$2:$A$22,A6)>1,"Duplicate","Unique") -> Unique
A7: O006 | B7: Sneha Deshmukh | C7: Veg Thali | D7: 240 | E7: UPI | F7: Pending | G7: 01-Aug-2026 | H7: =TRIM(B7) -> Sneha Deshmukh | I7: =IF(OR(UPPER(TRIM(E7))="COD",UPPER(TRIM(E7))="CASH ON DELIVERY"),"Cash on Delivery",IF(UPPER(TRIM(E7))="CARD","Card",IF(UPPER(TRIM(E7))="UPI","UPI","Missing"))) -> UPI | J7: =IF(D7="",ROUND(AVERAGE($D$2:$D$22),0),D7) -> 240 | K7: =IF(COUNTIF($A$2:$A$22,A7)>1,"Duplicate","Unique") -> Unique
A8: O007 | B8: Rohan Gupta | C8: Chicken Biryani | D8: 310 | E8: COD | F8: Delivered | G8: 02-Aug-2026 | H8: =TRIM(B8) -> Rohan Gupta | I8: =IF(OR(UPPER(TRIM(E8))="COD",UPPER(TRIM(E8))="CASH ON DELIVERY"),"Cash on Delivery",IF(UPPER(TRIM(E8))="CARD","Card",IF(UPPER(TRIM(E8))="UPI","UPI","Missing"))) -> Cash on Delivery | J8: =IF(D8="",ROUND(AVERAGE($D$2:$D$22),0),D8) -> 310 | K8: =IF(COUNTIF($A$2:$A$22,A8)>1,"Duplicate","Unique") -> Duplicate
A9: O007 | B9: Rohan Gupta | C9: Chicken Biryani | D9: 310 | E9: COD | F9: Delivered | G9: 02-Aug-2026 | H9: =TRIM(B9) -> Rohan Gupta | I9: =IF(OR(UPPER(TRIM(E9))="COD",UPPER(TRIM(E9))="CASH ON DELIVERY"),"Cash on Delivery",IF(UPPER(TRIM(E9))="CARD","Card",IF(UPPER(TRIM(E9))="UPI","UPI","Missing"))) -> Cash on Delivery | J9: =IF(D9="",ROUND(AVERAGE($D$2:$D$22),0),D9) -> 310 | K9: =IF(COUNTIF($A$2:$A$22,A9)>1,"Duplicate","Unique") -> Duplicate
A10: O008 | B10: Pooja Kulkarni | C10: Paneer Roll | D10: 160 | E10: Card | F10: Delivered | G10: 02-Aug-2026 | H10: =TRIM(B10) -> Pooja Kulkarni | I10: =IF(OR(UPPER(TRIM(E10))="COD",UPPER(TRIM(E10))="CASH ON DELIVERY"),"Cash on Delivery",IF(UPPER(TRIM(E10))="CARD","Card",IF(UPPER(TRIM(E10))="UPI","UPI","Missing"))) -> Card | J10: =IF(D10="",ROUND(AVERAGE($D$2:$D$22),0),D10) -> 160 | K10: =IF(COUNTIF($A$2:$A$22,A10)>1,"Duplicate","Unique") -> Unique
A11: O009 | B11: Akash Mehta | C11: Veg Noodles | D11: 200 | E11: cod | F11: Cancelled | G11: 02-Aug-2026 | H11: =TRIM(B11) -> Akash Mehta | I11: =IF(OR(UPPER(TRIM(E11))="COD",UPPER(TRIM(E11))="CASH ON DELIVERY"),"Cash on Delivery",IF(UPPER(TRIM(E11))="CARD","Card",IF(UPPER(TRIM(E11))="UPI","UPI","Missing"))) -> Cash on Delivery | J11: =IF(D11="",ROUND(AVERAGE($D$2:$D$22),0),D11) -> 200 | K11: =IF(COUNTIF($A$2:$A$22,A11)>1,"Duplicate","Unique") -> Unique
A12: O010 | B12: Anjali More | C12: Butter Naan Combo | D12: 300 | E12: UPI | F12: Delivered | G12: 02-Aug-2026 | H12: =TRIM(B12) -> Anjali More | I12: =IF(OR(UPPER(TRIM(E12))="COD",UPPER(TRIM(E12))="CASH ON DELIVERY"),"Cash on Delivery",IF(UPPER(TRIM(E12))="CARD","Card",IF(UPPER(TRIM(E12))="UPI","UPI","Missing"))) -> UPI | J12: =IF(D12="",ROUND(AVERAGE($D$2:$D$22),0),D12) -> 300 | K12: =IF(COUNTIF($A$2:$A$22,A12)>1,"Duplicate","Unique") -> Unique
A13: O011 | B13: Vivek Jain | C13: Chole Bhature | D13: 180 | E13: Card | F13: Delivered | G13: 02-Aug-2026 | H13: =TRIM(B13) -> Vivek Jain | I13: =IF(OR(UPPER(TRIM(E13))="COD",UPPER(TRIM(E13))="CASH ON DELIVERY"),"Cash on Delivery",IF(UPPER(TRIM(E13))="CARD","Card",IF(UPPER(TRIM(E13))="UPI","UPI","Missing"))) -> Card | J13: =IF(D13="",ROUND(AVERAGE($D$2:$D$22),0),D13) -> 180 | K13: =IF(COUNTIF($A$2:$A$22,A13)>1,"Duplicate","Unique") -> Unique
A14: O012 | B14: Komal Pawar | C14: Fried Rice | E14: UPI | F14: Delivered | G14: 02-Aug-2026 | H14: =TRIM(B14) -> Komal Pawar | I14: =IF(OR(UPPER(TRIM(E14))="COD",UPPER(TRIM(E14))="CASH ON DELIVERY"),"Cash on Delivery",IF(UPPER(TRIM(E14))="CARD","Card",IF(UPPER(TRIM(E14))="UPI","UPI","Missing"))) -> UPI | J14: =IF(D14="",ROUND(AVERAGE($D$2:$D$22),0),D14) -> 250 | K14: =IF(COUNTIF($A$2:$A$22,A14)>1,"Duplicate","Unique") -> Unique
A15: O013 | B15: Sagar Mishra | C15: Chicken Momos | D15: 220 | E15: COD | F15: Pending | G15: 03-Aug-2026 | H15: =TRIM(B15) -> Sagar Mishra | I15: =IF(OR(UPPER(TRIM(E15))="COD",UPPER(TRIM(E15))="CASH ON DELIVERY"),"Cash on Delivery",IF(UPPER(TRIM(E15))="CARD","Card",IF(UPPER(TRIM(E15))="UPI","UPI","Missing"))) -> Cash on Delivery | J15: =IF(D15="",ROUND(AVERAGE($D$2:$D$22),0),D15) -> 220 | K15: =IF(COUNTIF($A$2:$A$22,A15)>1,"Duplicate","Unique") -> Unique
A16: O014 | B16: Ritika Shah | C16: Veg Sandwich | D16: 130 | E16: Card | F16: Delivered | G16: 03-Aug-2026 | H16: =TRIM(B16) -> Ritika Shah | I16: =IF(OR(UPPER(TRIM(E16))="COD",UPPER(TRIM(E16))="CASH ON DELIVERY"),"Cash on Delivery",IF(UPPER(TRIM(E16))="CARD","Card",IF(UPPER(TRIM(E16))="UPI","UPI","Missing"))) -> Card | J16: =IF(D16="",ROUND(AVERAGE($D$2:$D$22),0),D16) -> 130 | K16: =IF(COUNTIF($A$2:$A$22,A16)>1,"Duplicate","Unique") -> Unique
A17: O015 | B17: Nikhil Yadav | C17: Mutton Curry | D17: 450 | E17: Cash on Delivery | F17: Delivered | G17: 03-Aug-2026 | H17: =TRIM(B17) -> Nikhil Yadav | I17: =IF(OR(UPPER(TRIM(E17))="COD",UPPER(TRIM(E17))="CASH ON DELIVERY"),"Cash on Delivery",IF(UPPER(TRIM(E17))="CARD","Card",IF(UPPER(TRIM(E17))="UPI","UPI","Missing"))) -> Cash on Delivery | J17: =IF(D17="",ROUND(AVERAGE($D$2:$D$22),0),D17) -> 450 | K17: =IF(COUNTIF($A$2:$A$22,A17)>1,"Duplicate","Unique") -> Unique
A18: O016 | B18: Aditi Kulkarni | C18: Paneer Tikka | D18: 270 | E18: UPI | F18: Cancelled | G18: 03-Aug-2026 | H18: =TRIM(B18) -> Aditi Kulkarni | I18: =IF(OR(UPPER(TRIM(E18))="COD",UPPER(TRIM(E18))="CASH ON DELIVERY"),"Cash on Delivery",IF(UPPER(TRIM(E18))="CARD","Card",IF(UPPER(TRIM(E18))="UPI","UPI","Missing"))) -> UPI | J18: =IF(D18="",ROUND(AVERAGE($D$2:$D$22),0),D18) -> 270 | K18: =IF(COUNTIF($A$2:$A$22,A18)>1,"Duplicate","Unique") -> Unique
A19: O017 | B19: Harsh Patil | C19: Egg Curry | D19: 200 | E19: COD | F19: Delivered | G19: 03-Aug-2026 | H19: =TRIM(B19) -> Harsh Patil | I19: =IF(OR(UPPER(TRIM(E19))="COD",UPPER(TRIM(E19))="CASH ON DELIVERY"),"Cash on Delivery",IF(UPPER(TRIM(E19))="CARD","Card",IF(UPPER(TRIM(E19))="UPI","UPI","Missing"))) -> Cash on Delivery | J19: =IF(D19="",ROUND(AVERAGE($D$2:$D$22),0),D19) -> 200 | K19: =IF(COUNTIF($A$2:$A$22,A19)>1,"Duplicate","Unique") -> Unique
A20: O018 | B20: Meera Nair | C20: Veg Pulao | D20: 210 | E20: Card | F20: Delivered | G20: 03-Aug-2026 | H20: =TRIM(B20) -> Meera Nair | I20: =IF(OR(UPPER(TRIM(E20))="COD",UPPER(TRIM(E20))="CASH ON DELIVERY"),"Cash on Delivery",IF(UPPER(TRIM(E20))="CARD","Card",IF(UPPER(TRIM(E20))="UPI","UPI","Missing"))) -> Card | J20: =IF(D20="",ROUND(AVERAGE($D$2:$D$22),0),D20) -> 210 | K20: =IF(COUNTIF($A$2:$A$22,A20)>1,"Duplicate","Unique") -> Unique
A21: O019 | B21: Abhishek Roy | C21: Chicken Wrap | D21: 190 | E21: upi | F21: Delivered | G21: 03-Aug-2026 | H21: =TRIM(B21) -> Abhishek Roy | I21: =IF(OR(UPPER(TRIM(E21))="COD",UPPER(TRIM(E21))="CASH ON DELIVERY"),"Cash on Delivery",IF(UPPER(TRIM(E21))="CARD","Card",IF(UPPER(TRIM(E21))="UPI","UPI","Missing"))) -> UPI | J21: =IF(D21="",ROUND(AVERAGE($D$2:$D$22),0),D21) -> 190 | K21: =IF(COUNTIF($A$2:$A$22,A21)>1,"Duplicate","Unique") -> Unique
A22: O020 | B22: Tanvi Chavan | C22: Veg Manchurian | D22: 230 | E22: COD | F22: Delivered | G22: 03-Aug-2026 | H22: =TRIM(B22) -> Tanvi Chavan | I22: =IF(OR(UPPER(TRIM(E22))="COD",UPPER(TRIM(E22))="CASH ON DELIVERY"),"Cash on Delivery",IF(UPPER(TRIM(E22))="CARD","Card",IF(UPPER(TRIM(E22))="UPI","UPI","Missing"))) -> Cash on Delivery | J22: =IF(D22="",ROUND(AVERAGE($D$2:$D$22),0),D22) -> 230 | K22: =IF(COUNTIF($A$2:$A$22,A22)>1,"Duplicate","Unique") -> Unique
A24: Note: Red = blank/missing value. Yellow = duplicate Order ID. Columns H-K show cleaning formulas (trim, standardize, fill, duplicate flag).

Sheet Cleaned Data
A1: Order ID | B1: Customer Name | C1: Item Ordered | D1: Order Amount | E1: Payment Method | F1: Delivery Status | G1: Order Date
A2: O001 | B2: Rahul Sharma | C2: Paneer Butter Masala | D2: 350 | E2: Cash on Delivery | F2: Delivered | G2: 01-Aug-2026
A3: O002 | B3: Priya Patil | C3: Veg Biryani | D3: 280 | E3: UPI | F3: Delivered | G3: 01-Aug-2026
A4: O003 | B4: Amit Verma | C4: Chicken Burger | D4: 190 | E4: Card | F4: Cancelled | G4: 01-Aug-2026
A5: O004 | B5: Neha Joshi | C5: Margherita Pizza | D5: 420 | E5: Cash on Delivery | F5: Delivered | G5: 01-Aug-2026
A6: O005 | B6: Karan Singh | C6: Masala Dosa | D6: 150 | E6: Cash on Delivery | F6: Delivered | G6: 01-Aug-2026
A7: O006 | B7: Sneha Deshmukh | C7: Veg Thali | D7: 240 | E7: UPI | F7: Pending | G7: 01-Aug-2026
A8: O007 | B8: Rohan Gupta | C8: Chicken Biryani | D8: 310 | E8: Cash on Delivery | F8: Delivered | G8: 02-Aug-2026
A9: O008 | B9: Pooja Kulkarni | C9: Paneer Roll | D9: 160 | E9: Card | F9: Delivered | G9: 02-Aug-2026
A10: O009 | B10: Akash Mehta | C10: Veg Noodles | D10: 200 | E10: Cash on Delivery | F10: Cancelled | G10: 02-Aug-2026
A11: O010 | B11: Anjali More | C11: Butter Naan Combo | D11: 300 | E11: UPI | F11: Delivered | G11: 02-Aug-2026
A12: O011 | B12: Vivek Jain | C12: Chole Bhature | D12: 180 | E12: Card | F12: Delivered | G12: 02-Aug-2026
A13: O012 | B13: Komal Pawar | C13: Fried Rice | D13: 195 | E13: UPI | F13: Delivered | G13: 02-Aug-2026
... A21: O020 | B21: Tanvi Chavan | C21: Veg Manchurian | D21: 230 | E21: Cash on Delivery | F21: Delivered | G21: 03-Aug-2026
A23: Note: Duplicate order O007 removed (1 of 2 kept, 20 unique orders remain); missing Payment Method (O005) filled as Cash on Delivery; missing Order Amount (O012) imputed as 195 (average of similar items); Payment Method values standardized; extra space in O004's name trimmed.

Sheet Analysis
A1: Online Delivery Orders — Analysis
A3: Metric | B3: Value | D3: Payment Method | E3: Order Count | G3: Delivery Status | H3: Order Count | J3: Order Date | K3: Order Count | L3: Revenue (₹)
A4: Total Orders | B4: =COUNTA('Cleaned Data'!A2:A21) -> 20 | D4: Cash on Delivery | E4: =COUNTIF('Cleaned Data'!E2:E21,D4) -> 9 | G4: Delivered | H4: =COUNTIF('Cleaned Data'!F2:F21,G4) -> 15 | J4: 01-Aug-2026 | K4: =COUNTIF('Cleaned Data'!G2:G21,J4) -> 6 | L4: =SUMIFS('Cleaned Data'!D2:D21,'Cleaned Data'!G2:G21,J4) -> 1630
A5: Delivered Orders | B5: =COUNTIF('Cleaned Data'!F2:F21,"Delivered") -> 15 | D5: Card | E5: =COUNTIF('Cleaned Data'!E2:E21,D5) -> 5 | G5: Cancelled | H5: =COUNTIF('Cleaned Data'!F2:F21,G5) -> 3 | J5: 02-Aug-2026 | K5: =COUNTIF('Cleaned Data'!G2:G21,J5) -> 6 | L5: =SUMIFS('Cleaned Data'!D2:D21,'Cleaned Data'!G2:G21,J5) -> 1345
A6: Cancelled Orders | B6: =COUNTIF('Cleaned Data'!F2:F21,"Cancelled") -> 3 | D6: UPI | E6: =COUNTIF('Cleaned Data'!E2:E21,D6) -> 6 | G6: Pending | H6: =COUNTIF('Cleaned Data'!F2:F21,G6) -> 2 | J6: 03-Aug-2026 | K6: =COUNTIF('Cleaned Data'!G2:G21,J6) -> 8 | L6: =SUMIFS('Cleaned Data'!D2:D21,'Cleaned Data'!G2:G21,J6) -> 1900
A7: Pending Orders | B7: =COUNTIF('Cleaned Data'!F2:F21,"Pending") -> 2
A8: Delivery Success Rate (%) | B8: =ROUND(B5/B4*100,1) -> 75
A9: Total Revenue - Delivered (₹) | B9: =SUMIFS('Cleaned Data'!D2:D21,'Cleaned Data'!F2:F21,"Delivered") -> 3755
A10: Average Order Value (₹) | B10: =ROUND(AVERAGE('Cleaned Data'!D2:D21),1) -> 243.8
A11: Most Used Payment Method | B11: =INDEX(D4:D6,MATCH(MAX(E4:E6),E4:E6,0)) -> Cash on Delivery

Sheet Charts
A1: Online Delivery Orders — Charts
